left,keyword,right
ker's philosophical proddings shine. Stories based on Franz,Kafka,", historical Gulag events, and refugee experiences are all a"
games claim to be “Kafkaesque”? Well this title is literal,Kafka,", something which the uncrowned Master of Absurd would defin"
"f, I want to discuss the unique source material since Franz",Kafka,manages to puzzle his readers to this day. Not a prolific w
"ertainly not one to bask into any spotlight notion of fame,",Kafka,didn’t live long enough to see the majority of his writings
"es as the bedrock for this video game, yet there is another",Kafka,novel which left its own mark of distinction upon our adven
ulmination of the socio-bureaucratic absurdity which became,Kafka,’s signature subgenre. Serving more as social commentary tha
narrative threads from both the titular source material and,Kafka,’s Trial while managing to leave enough room for interpretat
rds to multiple endings. It won’t matter if you read any of,Kafka,"’s writings previously or not, the feeling of novelty will h"
"e comparisons to Lewis Carroll’s own fictional absurdities,",Kafka,’s insects are nowhere near as random as the ones found in “
"Josef K, a bank clerk with inexplicable legal issues. Franz",Kafka,hated his job as an insurance agent since it was paradoxica
you’ll find many titles on the Steam Store paying homage to,Kafka,", yet Metamorphosis seems to have hit the sweet spot in term"
Steam Achievements. + Beautiful graphics & sounds. + Finest,Kafka,adaptation to date. Weak Points - No Steam Trading Cards ye
". If, however, you are a total book nerd who devoured every",Kafka,"collected edition, have practically memorized the scenes in"
wn hardback copies of every Peter Kuper adaptation of Franz,Kafka,"'s work (shut up, I like books), then Metamorphosis is an ab"
"adventure). Rather, Metamorphosis is more a celebration of",Kafka,"'s works and themes, vaunting his absurdist and surrealist s"
A surrealistic adventure game inspired by,Kafka,'s The Metamorphosis . The protagonist is called Gregor. One
al atmosphere Surreal story based on Metamorphosis by Franz,Kafka,Quality background music and sound design Original idea Neg
es focused on the homonymous original story by writer Franz,Kafka,", “The Metamorphosis”. You play as Gregor, a human turned in"
"ry, *The Metamorphosis*, written by the famous author Franz",Kafka,will be familiar with the events that take place. This game
someone like me who hasn’t read the original story by Franz,Kafka,", but after *walking* for the most part of the short story a"
que resgatou em seu âmago o grande e curioso conto de FRANZ,KAFKA,". Em temática e jogabilidade o game vai muito bem, é diverti"
a um pouco a imagem do que o belíssimo METAMORFOSE de FRANZ,KAFKA,significa. O conto/romance em si conta a história de Gregor
"aumentar mais ainda o visual ""grotesco"" que é trabalho por",Kafka,"em sua obra. As pessoas tem nojo de insetos, mas, o mais im"
puzzle platformer. Especially recommended to fans of Franz,Kafka,'s The Metamorphosis or The Trial.
Metamorphosis https://youtu.be/BAgyE1HYe8U Franz,Kafka,(František Kafka) war ein junger Schriftsteller der 1883 ge
rphosis https://youtu.be/BAgyE1HYe8U Franz Kafka (František,Kafka,) war ein junger Schriftsteller der 1883 geboren wurde und 1
"nd, fand ich sehr cool umgesetzt, auch die Zitate von Franz",Kafka,. Die Story hätte aber gerne länger sein können und etwas au
"hosis , un plataformas que se inspira en la novela de Franz",Kafka,", con un excelente apartado audiovisual y diseñado con gran"
"ca muere Cogiendo elementos de la obra ""La metamorfosis"" de",Kafka,eres Gregorio. Un vendedor que se despierta y nota que poco
"y, there are two threads that reflect the themes from Franz",Kafka,"'s works Metamorphosis and The Trial. Gregor, the man-turned"
eless legal systeml). Although you do not need to have read,Kafka,", those who have will recognize and enjoy a new take on clas"
fun and good looking game that'll be an extra treat for any,kafka,fan. I'm still amazed at how perfect gregors room was desig
e creators have successfully understood the very essence of,Kafka,"'s statements, very competently dividing the semantic conten"
"ndisini yatakta dev bir böceğe dönüşmüş olarak buldu"" Franz",Kafka,'nın efsanevi öyküsü dönüşüm adlı eserinden yola çıkılarak t
"ão completa. A proposta dele, de ser baseado em uma obra de",Kafka,"me chamou muito a atenção, ainda mais pelo fato de que você"
"isteriosa, direttamente ispirato al racconto breve di Franz",Kafka,", “La metamorfosi” . Proprio come nel racconto, il nostro p"
eglia tramutato in insetto. Ma i riferimenti al racconto di,Kafka,"si fermano qui, perché se il protagonista del libro è un in"
A creative combination of,Kafka,"'s literary works, clever puzzles, and amazing art style. 10"
Le jeu est inspiré de la métamorphose de,kafka,. l'ambiance et l'histoire sont plutôt bien retranscrites et
king simulator and side-tasks adventure games have roots in,Kafka,'s novels by their structure? You've got a main task. You're
"ks mostly not so dystopian, burocratical and hopeless as in",Kafka,"'s masterpieces. For example, in Eastshade it‘s a real fun."
. But I’m pretty sure: this gameplay idea was borrowed from,Kafka,. 10/10
"game isn't for everyone, but if you're familiar with Franz",Kafka,'s work or want to experience something different for a chan
e sound design was absolutely top notch. Being a big fan of,Kafka,"'s work, this was a wonderful experience. 8/10 Full review c"
"with a truly excellent game, lol. Of course, a writer like",Kafka,created his own visionary universe so the developers had ex
"end on a very serious fairly depressing note but hey, it's",Kafka,"we're talking about here. Actually, there was a lot of good"
"urdo. Tal vez, no sea absolutamente fiel a la obra de Franz",Kafka,", puesto que los chicos de Ovid Works se han tomado ciertas"
er intento por llevar los oníricos mundos de papel de Franz,Kafka,"a la industria de los videojuegos, puesto que ya existe alg"
"o corto, pero intenso, que interpreta muy bien el relato de",Kafka,. Puntos Positivos *Una aproximación bastante acertada de la
Positivos *Una aproximación bastante acertada de la obra de,Kafka,. *La sensación de controlar a un insecto está bien consegui
